,lag,horizion,clipforecast,clipvalue,MSE,MAPE,SMAPE,MAE,MASE,ZI-MAPE,ZI-SMAPE,ZI-MAE,ZI-MSE
ETTh1,336,96,False,0,5.777886643420241,0.4162449315473565,0.540313037699259,1.707790188070032,1.5464444579507834,0.4162449315473565,0.5403130376992591,1.707790188070032,5.777886643420241
Divvy,336,24,True,0,3.3095833333333333,488828209554172.8,,0.8345833333333333,0.7479462285287529,0.4032971067354214,0.5612021000573523,0.7260416666666667,3.110625
Kaggle_Sales,336,96,False,0,1951.5645833333333,0.1275286915297682,0.14168962766320034,21.820416666666667,1.2201727271315181,0.1275286915297682,0.14168962766320034,21.820416666666667,1951.5645833333333
